Calidad_Comida,Calidad_Servicio,Propina_Pct
5.73437888123286,4.0941165219124,6.5735945051198
0,9.90687416260231,9.6285757661622
1.18164827621656,2.31074796588071,2.40128191813763
6.96737165364151,6.71892743598728,15.7973226319697
7.0096913145912,2.72307326519369,7.8981897148341
9.86001063822871,1.36885630068807,8.20389386084991
4.38971420705636,9.84841198962335,13.5840361355419
7.46491405118024,9.65026910666513,19.0532124486861
6.22890475819,6.96650823876892,15.6048929245042
9.07566473926093,1.20635871100601,8.41579198224662
0,0,0.59612594874713
6.27558080084063,0.751377817358088,5.95124770281459
9.21874235023117,4.03482866212397,10.5445142582013
3.20780064971736,2.45957728384508,1.5976472719748
10,9.86808300326282,20
3.59491151219755,3.42081748715907,3.81380498781893
5.22732829381994,6.67557738521027,11.6168936517434
6.11720746234352,3.46953201896228,7.41363499448063
8.77472013527053,1.04108581984574,6.86867406857143
5.90833260569011,9.47283339611815,17.0567587512464
9.35089963587151,0.306564266653169,7.92449296299031
0.693613008751655,9.46115462133633,9.7473983491046
1.73294320070846,3.9900270387013,4.36757003285648
4.4844552197832,4.36126529135317,7.35229976361395
0.776883308113402,10,12.0506986531691
0.76979909828793,6.90394828629365,7.16645860255206
3.10982321715662,6.33400854316726,8.9285551812934
1.9967378215836,4.14819502337665,4.00229413612227
3.28664545369916,9.48453306962157,12.9102365091053
6.09564333979897,5.93592453554049,12.3706240280906
4.2754101835855,1.7231987120163,2.89550382681207
0.143934886297559,1.408570203798,0
1.83404509853434,0.26366974497252,0.464582268847176
1.86518510399854,1.60681373259556,0.322266429091337
7.70967179954561,8.96788409906012,18.4212537518363
3.70642147066891,8.29741803707202,12.8072279483724
1.19865367333683,5.11677442115666,4.77258337962537
0.635583502860236,3.28751610287508,1.88866253633084
6.96029796674973,5.33461091976322,12.1855988312908
3.86102637800774,5.59640331308218,9.64433990412632
8.877041827583,5.41634214660867,13.9168999655258
10,0,7.13209093293614
7.85175961393014,4.6869315979497,11.8271338085563
9.54865280663194,5.37395602937923,15.118348518462
0.936747678280925,0.664962673667775,0.486228846087067
3.50915012552079,6.33478219826147,9.8666854092783
10,10,20
3.23202932020755,4.47412366823455,4.21042158533315
6.0642905965959,0.633749704727677,5.38500366404306
3.72018085792783,8.30219864566992,13.6161581180056
3.04613769173371,8.49647390677412,10.4099044393915
10,0.573507072555936,7.27354478852571
0,9.228731287047,9.63540189704061
7.95186194768704,4.50839371404132,12.6169991569213
0,0.0813777071669115,0.415677066463368
0.265113105416218,0.365496678480949,0.173900707675564
5.12093058299281,0.802337456616422,3.53139173444214
9.96006286404536,10,18.4499908741007
0.120432211280585,0,0
8.79904317608728,10,20
9.75852079462535,7.36444235624723,19.6798686214309
3.40803540253018,6.68085136570646,9.83711602997924
10,0.644184221966854,8.02533243553408
9.88579880359677,0.641227781601154,7.86535457701959
5.10747302577566,2.52436944344021,4.04396304233003
0,9.44635365551256,8.68180307152746
3.11711076089411,1.13557592199629,1.90802381672165
1.32299909178877,9.4887846546335,11.9113309448197
0.575587600166443,4.25213504469233,3.51085319489897
4.24222009246976,1.7537127862345,4.19053575335227
9.45485475427443,0,8.37246997421795
9.02552906679567,0.265322038738197,5.93859203651719
7.72244769296657,5.13989489159811,14.2219442830988
1.1586905952513,2.58244388298958,0.982799793267531
1.07891426993304,0.408686162664789,0.118288379551807
1.00778001377427,3.73309316279753,4.1647302070856
0.777346369649848,1.36818630918961,0.099624299596711
7.25955678870239,2.88630553240256,7.06015723225586
9.14864390220449,7.47609380176251,17.6653117560492
9.99227624859487,0,8.10267590612268
5.23097844170149,5.96842848916889,12.8890064426335
9.48885537253333,5.55431705602627,13.7547297339424
0.713402156431064,10,10.7554005030863
0.841399649950488,0.518235368224269,0.426938442080567
0.658991726712005,0,1.07223705387711
5.29650578356006,7.69492933191937,13.8369267343762
0.740446517340904,9.26587625161494,9.55619067730796
3.25399698159268,8.30619407787729,10.9031522377751
9.85650454110601,4.31659546229679,12.1785450968353
3.63629602379294,2.69243230949381,4.03694034141165
2.2426930946056,4.11840914147269,2.84434228187998
5.53854284401321,0.514258134842503,3.92735725747153
10,9.97691337767122,18.7689634043708
5.70061170089365,8.93892583050958,16.9488833174076
8.87086424265117,1.54362715274202,6.26916515800217
9.39498941564189,5.51906838774486,15.0778086450821
0,0,0
1.40924224974763,3.92244045099732,4.37623959308212
2.65202367681725,5.74473113179912,8.75739074837997
3.18975630293761,1.5615259736619,1.95392243768429
8.03672076899115,0.610779598548638,6.62262024663246
1.44894872091223,5.86841118020879,7.26949596488598
8.97110259952577,5.81238221422612,15.2396222150415
9.60667734581946,10,20
2.376375439924,6.45917241331601,9.80990402730992
8.14468482588936,0.270959925034835,6.84386186292689
7.02484083987109,8.76765636761749,16.8639620037941
1.88121159723761,5.90230666869087,9.41796190905558
6.28942846779884,0.197105377543642,5.63437168993859
0,10,10.6453835285527
2.27935162541942,6.18254771530296,8.46030788144626
6.1500722669917,1.51674879732751,6.71003114327865
0.705687474004298,2.05139640482007,0.561412232180485
9.99832299882232,10,19.9332224156684
7.37896916695768,9.19855616412761,18.0508146940689
9.53928577002587,3.01377874164142,8.48312412872382
2.70832251262074,1.13238045840755,0.785480354888571
0.130476218674104,0,0
10,10,20
4.27107788626256,3.68913639569772,5.58565530636548
8.99988757979507,10,19.3707506607168
6.33403756510423,8.73578624106777,16.175584746886
2.93210771698065,2.94465759541918,2.08393152753503
1.01658135969699,0,0
8.28737509151929,1.3637147558677,8.49649661733143
1.61221287254004,7.99410398909043,12.2450281250082
0,0.182161962266932,0.916800670452618
7.29606178338064,0.758633281086639,6.37981845822791
2.92144648535218,9.69914397814603,13.3564043495424
1.19594245938302,1.3882717264941,1.04489392844731
0.452272889105381,7.55137255673619,9.91378724003525
5.05252372447857,1.81435435089797,6.24112366740758
6.49210302116064,6.03152109466388,14.5337470692715
0.182218256515497,2.70744673143554,1.14113224403492
3.39029791048701,1.14836824739204,1.18681232437154
1.40084015236524,2.48489139814466,2.30167714878757
8.22600560659658,5.05888678884466,12.8514183686019
0.232719357358259,6.58923941910151,7.54580970152916
6.37429901498207,6.06715046382856,13.8807768531851
3.25183322026747,2.40145618778193,2.02409114575391
3.41066351050259,8.1707207094928,11.7696642617851
1.27060512651885,0.181101838208405,0.398702074143699
8.06834739267264,2.43172190999454,7.64960012859538
10,0,7.14492855737096
8.35980120512206,8.69896362062128,19.1900063853026
3.88677289689482,7.04079768099224,13.3893869283946
6.95974206093698,5.18838057126072,11.3108971864422
0.253507434154575,1.24662681203267,0.0939263814510514
2.93591844264493,8.21257304672013,10.9833873668365
5.31354631568148,1.52539042914261,3.45559831865098
6.97015740995268,7.62458685740691,16.1782239945734
7.46044879265423,2.45349109681321,7.84577480892409
0.912866767861336,3.79692408167267,3.1074381540241
8.90263783890916,8.191023176742,19.4873542011751
6.31138625997263,1.63655942865705,7.64787312865422
8.97215757953327,4.25436438616417,12.3707660803707
3.98504734397373,1.48662727753113,2.88201073104389
0.121544746898163,6.63671165362648,9.19163473957498
5.5680126245835,7.94025189270296,16.5525349342442
9.65632033074559,7.68987415180511,18.628264871494
2.420552715115,1.27580302795564,0.338565697989257
6.83006773416357,4.08734171098096,10.0906205061567
5.14234438413612,2.73407071930706,5.2463298951736
5.97899978811085,8.76653602658345,16.9486855335318
2.80772362440856,3.92445107422635,4.97551266574376
8.03480930384849,1.78544662054334,8.08664526019259
0.454463803414579,6.88402396427736,9.74125338159322
1.11197482306151,4.18770524892073,3.29672610109519
9.30757325603565,2.04984295415821,7.27473312290249
9.81232276764839,9.67111116305141,19.8007040475586
3.14355981076327,1.77010484276747,2.02096997465233
3.70158700255444,5.02720390092479,6.93620926386955
8.96091299923493,2.0934932333671,7.14627867035193
10,10,19.1133801450625
1.17067016427606,2.57887685433202,1.22361198505015
9.99602283723343,9.97007845683987,18.5735374218018
4.92517693818864,5.23065424769119,9.81495789166091
9.05350641956064,1.81928130495271,7.32025221577066
1.0112267612279,5.25690182302686,5.01089454925888
8.94827350427649,5.60937971535386,13.4424841980102
2.77381182981133,2.72145137229963,1.24863695826783
4.94420304702581,7.99855255947315,13.8618657891214
10,0.641991101738001,7.14934983258252
0.737965647353989,5.95077930700255,8.49280020817615
0.359422737967421,9.08450561333628,10.1926800405548
1.74366429004991,9.82378616908606,11.0954157582677
1.84854455525527,7.72318391735639,9.76817570917512
7.89618142794554,4.87431198249514,13.2763810822278
9.68537257589849,0.855292984226935,6.96914679710562
1.56018640442437,6.84731172553879,10.0591989436917
8.26457466107742,5.83041560969692,14.2529478624955
6.59984046034179,5.5676289301393,12.0119766561672
4.12617676911426,8.55696468106286,12.3964701034887
9.50411484076559,2.46402033239107,6.58555352183314
10,0.736580979172655,8.68910001536038
8.955232284962,8.92671711076975,19.6034244625373
6.3641041126378,2.78590339031959,7.17541306280387
3.0087830981677,3.27497352177915,3.24276319029236
1.55994520336203,1.62616939344891,1.16831545209749
1.60808051417499,6.81502722223929,9.66662821396897
2.89751452913768,0.393121398410989,1.26265558517238
5.49528882323736,0.224693083201174,5.58925780010368
9.09320402078782,6.71700684405857,17.9195743733721
0,9.73259496630469,10.8216758995899
10,0.0249091678255967,7.42934151466613
2.86541252128284,4.62005803644133,4.94566019901446
2.372490874968,9.29529144247826,13.5420946456356
3.56753326693589,0.145446656678819,1.97968324139638
1.18817916268072,7.3803361642637,9.7937903064364
4.33851649237973,9.61070317469455,14.5906450868361
9.69302535619099,4.96366247201236,12.8608591175454
9.63222539440611,4.760504021991,13.2297821620082
10,0.187949996874338,7.8005091348282
6.15850098052216,4.14624123727024,9.51934853418189
7.06857343847617,8.62363708746745,18.3355281147689
0.650515929852795,9.96636837073905,11.5167737545489
1.61628714094614,3.36604278193921,3.44312412661852
6.25859915714236,5.95385017320044,13.4502856723557
9.62172548474542,2.886937367707,8.95303975208837
3.37995156851536,5.42724443347596,7.36265201573717
3.74540118847362,6.98161714019745,11.8045123645035
0.34628455703463,0.0491478274487424,0
0.154566165288674,2.32212695146817,0.658408185846136
5.35774684074759,2.37226791735994,4.69092446325335
3.53352228026053,0.915820733266342,1.24280808969568
0.912061030486904,8.94552226894091,10.75565107366
0,0,0
5.18790621743366,5.32617266455023,10.5747548756406
2.78646464236611,4.98442198929057,6.19298955971563
5.76903884626359,6.651972206962,15.1623736552069
3.75582952639944,2.51799058906953,2.97961949727737
10,10,18.6524036902674
0.407751415547639,1.86567024051306,0
8.92558998489978,8.06201279793061,18.4077774610189
0.78456381342266,8.38898086445934,9.0073731154906
7.94811303541648,1.64265797930993,8.74090418224954
2.94448892069586,1.16898040708364,1.12350972077044
1.95791134789296,8.61785621013517,12.3724389901607
2.12339110678276,8.66063889500408,9.70680026347227
0.71188648460229,0.253863556603449,1.21158767341877
9.86886936600517,3.482554670233,10.273429626304
7.03018958895178,2.4247050363473,6.36416657191673
9.74394807666167,9.50237353820802,20
9.78964783121196,0.413639697883317,6.50327035164345
10,0,6.90848098823433
9.40230241424958,5.64841133262616,14.5129473536731
7.50871067791497,0.13001923510736,6.73160687853971
1.95242987798044,3.58830484123502,3.11022619781193
8.15461428454834,6.22086700227873,15.4766018914409
0.165878289278562,8.96765424626425,10.4105247148718
4.56069984217036,8.38328704711138,14.7471516911751
6.63501769108056,8.09874445854635,17.0527616388567
9.76705418850364,10,20
8.58412751843012,2.93147730261013,7.70681295991575
6.42419278206316,1.90687720663667,7.06132907946525
5.02679023228862,6.7910231914449,12.2774465206921
10,0,7.47139964708474
7.50614751640858,0.994413927593452,7.27951292428841
2.818547747734,2.21972161932949,1.3714908851248
1.70524123687292,9.99717673286131,10.8372037576549
9.12993278950193,0.332218242283423,6.28897618344003
3.25330330763264,6.20309551353465,10.8954190040945
10,9.52535243867201,19.3988014416514
7.57846110464369,4.52439516132693,12.610748065624
1.37520944145993,8.6550712589398,10.4063239047337
0.069521305311907,0.366832028905979,0
8.49223410494178,7.30867475203644,17.640729781973
9.96051265037659,9.81066175727409,19.8653130034727
5.55200811599462,2.79979093660284,6.31348417030854
8.12799567257503,2.06421271760603,7.49596499452548
6.77564361842282,1.73373595294755,6.78994290507581
3.22956472941246,9.25568512906776,12.5392663815675
3.9309772466676,7.9526731185989,11.9928919056628
9.42909703912519,1.07172011339776,7.78453041738076
10,1.06582521199844,8.49879612953796
5.78280140996174,1.81597716801426,4.44689932404793
9.06354385094736,9.1441194592496,17.6864401287888
6.49632899047215,1.24297223485545,5.6263172911227
0.296322054928335,0.105327472872339,0
0,10,10.820487981752
9.65130259614742,0.509537783686748,7.1803661815374
9.09245578456133,0,5.75534867915332
9.71217038263725,0.799450812283087,7.06610203786128
1.86570058886036,2.76877648147204,1.16914402104192
0.0394528456928139,10,8.64570239919166
9.69584627764559,5.20163501111993,15.3406215304788
1.77439543779723,2.38182781046727,0.84592212520236
7.77146915927437,6.00516860433653,15.2186711917284
9.85368918047189,0.296617670920322,7.22068137808812
0,0.6493379454151,0.783923767978825
9.69878826707639,9.36829739324758,18.9611908480802
4.1960006242779,7.37501248109748,12.2059231620504
7.75132823361115,8.5218150031854,18.9460138190992
8.32442640800422,9.32728483354013,19.2961364841749
6.58693631618945,2.09905593095586,6.67049872364056
5.98658484197037,8.13795019706949,17.1111467398266
7.14595922700062,0.0463202300460286,6.30391718831519
8.93746878506517,10,18.6728396986912
6.84233026512157,4.50544135310094,10.6259891060106
10,0,6.3860273151821
9.86540674728482,9.65020030096333,19.5904605726177
6.43288218442353,4.53288834748028,10.8875717152193
0,9.38532341203173,8.59502825627453
0.453040097720445,9.96874251845947,9.8415785771068
9.36201418148041,0.0242613594504669,5.55539804549082
9.66465189289738,9.22818785011633,19.6348063873652
6.20132597801537,6.94696470854427,15.3433370072772
5.03136258580088,0.670764773884275,4.44736628343081
0.586171330869679,0,0
8.07440155164062,1.84521019356377,6.87203389731989
3.58465728544273,4.92116293079538,6.51471506796363
8.44875310969454,7.15972228847398,17.8120406176231
7.06242227156496,1.17751082890141,7.1767026480018
8.98554188527079,1.34414676938974,7.91229360529493
10,10,20
6.01115011743209,9.49799913291924,16.3889221471348
0,10,10.5304903123407
8.56489841188322,7.49960470399178,17.2278980152864
9.41464808776525,4.00763060875326,10.0278193344671
8.51136671516857,6.27708053071418,16.0143836027901
0,0.705360831061813,1.2860160716061
10,9.6120499697193,19.5908172484771
0.727630063641935,0.183906765474667,1.13665161518951
2.58779981600017,6.18128240457896,9.00537942172632
6.31837212169799,5.5204718085198,13.5804413117387
9.01158010490989,4.95491316206198,12.7426082481033
1.81824967207101,0.452186701061894,0
0.343885211152184,2.28642805503463,2.66209668196459
5.18329652363737,7.43946292572677,15.315841724052
5.843143119231,7.28188756203603,14.1509361436603
2.84840494377468,1.19762131819251,2.09364103439843
4.28184148317314,3.83891221373211,6.29143100454744
5.75474177875879,0.657086394283524,4.83223605868696
0.113536447674191,5.18917705282838,6.0270150607269
9.69255239671669,10,20
8.71460590187718,9.20872400531813,20
6.42031646154288,5.32589432551586,11.5468605786584
2.26495775197938,5.24511389570255,6.33715779907878
6.23298126827558,9.80032575285477,17.5404180153665
10,9.25605447396895,20
5.015162946872,1.49917427348774,3.24374422799164
10,9.43096841691547,19.94647063047
6.91895197692693,5.95638740607844,14.8495023946639
7.61510631717472,8.34930236799299,18.7715056569695
2.51782295825364,3.22079165583178,2.74164159703627
4.74173829087325,5.80588350278043,10.256383647456
7.01966877257703,7.20036536546074,16.454502182615
0.230506163642725,0.0788459360095949,0.907589431775526
1.69492746686092,1.39272072663387,0.782245421131961
6.11852894722379,5.94130715352135,12.5813988767244
4.55656752785713,7.99415878968979,11.8378825007221
0,0.250259433842157,0
9.36154774160781,6.20072755928514,16.8884623393502
7.5237452943768,1.40113175766453,7.31890441461559
5.83656111850872,9.17313575462243,15.0386322961277
0,0,1.07035415957506
0.563032756818374,1.66283368756079,0
8.77373071927955,0.335324347357794,7.38969891485241
0.580836121681995,9.10927184493842,11.4141118273501
2.41852290900452,1.87043748557523,0.570002343546299
0,10,9.86734710930023
1.6293442708143,8.98054289440714,9.52880644570235
5.16300348301195,9.34367014769015,13.9800170654609
5.277011090863,0.311831350612847,3.29022810778315
0.464504127199977,8.64722376255053,9.79634338189719
3.37615171403628,5.32113485265316,7.78339843967991
8.92046555177113,2.01627320047745,7.65023366385333
6.45472295907168,4.39134908570218,10.8480776808561
0.108376514802984,3.41817351697876,1.96102900948184
6.57612892300343,9.38340456821038,16.5387077730654
9.50714306409916,5.3609636634412,14.6437498024084
2.2210781047073,8.95206837687199,11.8728273729506
0.848377140851919,2.74055220687206,2.05024999251725
0.516817211686077,7.07238634313399,8.50517935692377
0.055221171236024,3.9654278232127,3.61963656799121
4.92625104290859,3.83138528249497,5.44519413657975
9.19906398706827,9.56928984858751,18.6453812318738
9.29697652342573,6.27900389490908,15.5162898868501
3.67715803059434,7.41120649290059,12.5492751400732
4.40152493739601,1.29159415151495,4.79821562834087
0.305002499390494,1.5335140311608,0.719675172256396
4.0895294441427,5.91275435744929,10.0330707441994
0.548198391189208,10,11.1496326370588
9.28318562587725,8.99574573274568,18.3069637753335
4.41530501373377,2.68677359384946,3.7199430683314
8.63103425875594,4.59135756238261,11.7291714884973
7.69993553098611,9.32118282483612,17.0334405385985
9.20916857805092,9.2302169514242,20
7.13244787222995,6.40874744803215,15.311871544381
7.71270346685946,1.47073480929038,7.24269946422892
9.13240552556471,3.97287290560367,11.3069774256902
8.35302495589238,1.52859139184332,8.2724139554195
6.35093650867644,0.853496680786439,5.72557364987677
6.90937738102466,1.12038902168052,7.30441476008181
0,0,1.83211141624007
5.92414568862042,0.563754966509271,5.54926300111054
6.62522284353982,3.5816271803284,8.53866303035896
2.39561890666972,5.37106541818548,8.35872763674903
9.46017111217919,9.54106743514117,20
0.271818012599381,9.96467650224525,9.84939312846256
